scenario,profile,runs,successes,first_ms_median,first_ms_min,first_ms_max,first_cost_median,second_ms_median,best_50_cost_median,best_known_cost,first_within_10ms,best_known_by_50ms
01_one_agent_cross_workspace,fast_w10_b3_a3,5,5,16.1929,15.555,16.7234,6.5,,6.5,6.0,False,False
01_one_agent_cross_workspace,narrow_w2_b4,5,5,41.4271,37.7323,43.3818,6.5,,6.5,6.0,False,False
01_one_agent_cross_workspace,narrow_w3_b4,5,3,92.3775,92.089,94.8177,6.5,,,6.0,False,False
01_one_agent_cross_workspace,narrow_w5_b4,5,5,78.8241,69.8254,80.1751,13.0,,,6.0,False,False
01_one_agent_cross_workspace,staged_w10_3to4_a3,5,5,15.4531,14.7996,16.2374,6.5,,6.5,6.0,False,False
01_one_agent_cross_workspace,staged_w10_3to4_a3_lazy,5,5,14.9106,14.5883,15.6469,6.5,,6.5,6.0,False,False
01_one_agent_cross_workspace,staged_w10_3to8_a3,5,5,14.9822,14.793,16.7801,6.5,,6.5,6.0,False,False
01_one_agent_cross_workspace,staged_w2_4to8,5,5,38.8033,37.5878,41.8885,6.5,,6.5,6.0,False,False
01_one_agent_cross_workspace,staged_w3_4to12,5,5,91.9918,91.8303,93.6175,6.5,,,6.0,False,False
01_one_agent_cross_workspace,staged_w3_4to8,5,5,92.6867,92.1336,93.6375,6.5,,,6.0,False,False
01_one_agent_cross_workspace,staged_w5_3to4_a3,5,5,15.2709,14.8287,16.652,6.5,,6.5,6.0,False,False
01_one_agent_cross_workspace,staged_w5_3to8_a3,5,5,16.4164,16.269,17.2174,6.5,,6.5,6.0,False,False
01_one_agent_cross_workspace,staged_w5_4to8,5,5,70.4537,68.8147,75.6382,13.0,,,6.0,False,False
02_one_agent_short_turn,fast_w10_b3_a3,5,5,0.164239,0.157331,0.175496,4.0,,4.0,4.0,True,True
02_one_agent_short_turn,narrow_w2_b4,5,5,0.245178,0.229523,0.292775,4.0,,4.0,4.0,True,True
02_one_agent_short_turn,narrow_w3_b4,5,5,0.255458,0.241969,0.302574,4.0,,4.0,4.0,True,True
02_one_agent_short_turn,narrow_w5_b4,5,5,0.256849,0.237471,0.2657,4.0,,4.0,4.0,True,True
02_one_agent_short_turn,staged_w10_3to4_a3,5,5,0.172609,0.161017,0.201206,4.0,,4.0,4.0,True,True
02_one_agent_short_turn,staged_w10_3to4_a3_lazy,5,5,0.103748,0.099807,0.128276,4.0,,4.0,4.0,True,True
02_one_agent_short_turn,staged_w10_3to8_a3,5,5,0.16605,0.152098,0.202687,4.0,,4.0,4.0,True,True
02_one_agent_short_turn,staged_w2_4to8,5,5,0.223758,0.214594,0.256718,4.0,,4.0,4.0,True,True
02_one_agent_short_turn,staged_w3_4to12,5,5,0.229631,0.227987,0.258184,4.0,,4.0,4.0,True,True
02_one_agent_short_turn,staged_w3_4to8,5,5,0.224993,0.221758,0.240386,4.0,,4.0,4.0,True,True
02_one_agent_short_turn,staged_w5_3to4_a3,5,5,0.165577,0.15499,0.178801,4.0,,4.0,4.0,True,True
02_one_agent_short_turn,staged_w5_3to8_a3,5,5,0.162659,0.158357,0.179609,4.0,,4.0,4.0,True,True
02_one_agent_short_turn,staged_w5_4to8,5,5,0.230961,0.225538,0.23748,4.0,,4.0,4.0,True,True
03_one_agent_top_reorient,fast_w10_b3_a3,5,5,0.51697,0.47998,1.06625,3.5,,3.5,3.0,True,False
03_one_agent_top_reorient,narrow_w2_b4,5,5,0.702513,0.656594,0.735354,3.5,1.51422,3.0,3.0,True,True
03_one_agent_top_reorient,narrow_w3_b4,5,5,0.586873,0.569115,0.788853,3.5,1.46177,3.0,3.0,True,True
03_one_agent_top_reorient,narrow_w5_b4,5,5,0.62752,0.560054,0.643039,3.5,1.54248,3.0,3.0,True,True
03_one_agent_top_reorient,staged_w10_3to4_a3,5,5,0.60684,0.595291,0.668915,3.5,,3.5,3.0,True,False
03_one_agent_top_reorient,staged_w10_3to4_a3_lazy,5,5,0.262632,0.257246,0.289512,3.5,,3.5,3.0,True,False
03_one_agent_top_reorient,staged_w10_3to8_a3,5,5,0.496743,0.476951,0.539672,3.5,,3.5,3.0,True,False
03_one_agent_top_reorient,staged_w2_4to8,5,5,0.73398,0.704631,0.755856,3.5,19.7421,3.0,3.0,True,True
03_one_agent_top_reorient,staged_w3_4to12,5,5,0.581469,0.578671,0.611897,3.5,42.6551,3.0,3.0,True,True
03_one_agent_top_reorient,staged_w3_4to8,5,5,0.591328,0.551959,0.59453,3.5,17.9748,3.0,3.0,True,True
03_one_agent_top_reorient,staged_w5_3to4_a3,5,5,0.497354,0.479212,0.512163,3.5,,3.5,3.0,True,False
03_one_agent_top_reorient,staged_w5_3to8_a3,5,5,0.522332,0.497958,0.535469,3.5,,3.5,3.0,True,False
03_one_agent_top_reorient,staged_w5_4to8,5,5,0.596493,0.592702,0.904082,3.5,19.0865,3.0,3.0,True,True
04_two_agent_relocation,fast_w10_b3_a3,5,5,0.454411,0.406096,0.499676,4.5,0.823273,4.0,3.5,True,False
04_two_agent_relocation,narrow_w2_b4,5,5,0.725409,0.707173,0.858994,4.5,1.35905,4.0,3.5,True,False
04_two_agent_relocation,narrow_w3_b4,5,5,0.647155,0.575674,0.678479,4.5,1.40135,4.0,3.5,True,False
04_two_agent_relocation,narrow_w5_b4,5,5,0.621916,0.566211,0.649371,4.5,1.3393,4.0,3.5,True,False
04_two_agent_relocation,staged_w10_3to4_a3,5,5,0.544087,0.531282,0.635658,4.5,2.1739,4.0,3.5,True,False
04_two_agent_relocation,staged_w10_3to4_a3_lazy,5,5,0.285925,0.268447,0.30964,4.5,5.55014,4.0,3.5,True,False
04_two_agent_relocation,staged_w10_3to8_a3,5,5,0.444012,0.408416,0.459122,4.5,2.46436,3.5,3.5,True,True
04_two_agent_relocation,staged_w2_4to8,5,5,0.752861,0.673187,0.865038,4.5,6.61725,3.5,3.5,True,True
04_two_agent_relocation,staged_w3_4to12,5,5,0.588671,0.579634,0.613024,4.5,4.01748,3.5,3.5,True,True
04_two_agent_relocation,staged_w3_4to8,5,5,0.592832,0.580901,0.598336,4.5,5.8716,3.5,3.5,True,True
04_two_agent_relocation,staged_w5_3to4_a3,5,5,0.425719,0.416262,0.440875,4.5,1.78058,4.0,3.5,True,False
04_two_agent_relocation,staged_w5_3to8_a3,5,5,0.464393,0.444352,0.467368,4.5,2.42337,3.5,3.5,True,True
04_two_agent_relocation,staged_w5_4to8,5,5,0.593789,0.581387,0.597906,4.5,5.86208,3.5,3.5,True,True
05_two_agent_crossing,fast_w10_b3_a3,5,5,3.8395,3.70444,3.99953,9.5,28.5216,7.0,6.0,True,False
05_two_agent_crossing,narrow_w2_b4,5,5,73.8231,67.5925,75.8051,7.0,,,6.0,False,False
05_two_agent_crossing,narrow_w3_b4,5,5,8.56633,7.98206,10.5909,9.5,67.6072,9.5,6.0,True,False
05_two_agent_crossing,narrow_w5_b4,5,5,7.49488,7.31087,9.48879,9.5,60.6782,9.5,6.0,True,False
05_two_agent_crossing,staged_w10_3to4_a3,5,5,4.66502,4.31279,4.69017,9.5,35.2293,7.5,6.0,True,False
05_two_agent_crossing,staged_w10_3to4_a3_lazy,5,5,2.85567,2.75751,3.03316,10.0,6.7594,8.0,6.0,True,False
05_two_agent_crossing,staged_w10_3to8_a3,5,5,4.10404,3.66646,4.15928,9.5,27.7171,8.0,6.0,True,False
05_two_agent_crossing,staged_w2_4to8,5,5,75.1636,72.2816,76.0443,7.0,,,6.0,False,False
05_two_agent_crossing,staged_w3_4to12,5,5,8.00797,7.79179,8.24236,9.5,72.8522,9.5,6.0,True,False
05_two_agent_crossing,staged_w3_4to8,5,5,7.9991,7.89919,9.3042,9.5,38.7189,8.0,6.0,True,False
05_two_agent_crossing,staged_w5_3to4_a3,5,5,4.62946,4.50511,4.93653,9.5,32.9049,7.5,6.0,True,False
05_two_agent_crossing,staged_w5_3to8_a3,5,5,4.89144,4.61626,5.07924,9.5,28.5173,8.0,6.0,True,False
05_two_agent_crossing,staged_w5_4to8,5,5,7.60132,7.54,7.68464,9.5,34.0757,8.0,6.0,True,False
06_two_agent_diagonal,fast_w10_b3_a3,5,5,2.66852,2.53774,3.87716,6.0,,6.0,5.0,True,False
06_two_agent_diagonal,narrow_w2_b4,5,5,6.80816,6.59661,7.56264,6.0,,6.0,5.0,True,False
06_two_agent_diagonal,narrow_w3_b4,5,5,4.89181,4.56933,5.17472,6.0,,6.0,5.0,True,False
06_two_agent_diagonal,narrow_w5_b4,5,5,3.68879,3.53789,3.84747,6.0,,6.0,5.0,True,False
06_two_agent_diagonal,staged_w10_3to4_a3,5,5,2.88905,2.84786,3.14443,6.0,23.1309,5.5,5.0,True,False
06_two_agent_diagonal,staged_w10_3to4_a3_lazy,5,5,1.61481,1.58978,1.69039,6.5,4.55824,5.5,5.0,True,False
06_two_agent_diagonal,staged_w10_3to8_a3,5,5,2.70704,2.58574,2.79996,6.0,28.3031,5.5,5.0,True,False
06_two_agent_diagonal,staged_w2_4to8,5,5,7.22891,6.96641,7.33697,6.0,28.2623,5.0,5.0,True,True
06_two_agent_diagonal,staged_w3_4to12,5,5,4.59922,4.57129,4.6596,6.0,42.622,5.0,5.0,True,True
06_two_agent_diagonal,staged_w3_4to8,5,5,4.67669,4.60762,4.78624,6.0,26.1925,5.5,5.0,True,False
06_two_agent_diagonal,staged_w5_3to4_a3,5,5,2.80746,2.74325,2.92509,6.0,22.0751,5.5,5.0,True,False
06_two_agent_diagonal,staged_w5_3to8_a3,5,5,2.82124,2.78523,3.18879,6.0,27.9779,5.5,5.0,True,False
06_two_agent_diagonal,staged_w5_4to8,5,5,3.70818,3.6592,3.94763,6.0,24.0842,5.5,5.0,True,False
07_three_agent_relay,fast_w10_b3_a3,5,5,1.53275,1.42212,1.57637,7.0,,7.0,5.5,True,False
07_three_agent_relay,narrow_w2_b4,5,5,17.7936,17.2494,19.5543,6.5,,6.5,5.5,False,False
07_three_agent_relay,narrow_w3_b4,5,5,18.563,16.9091,19.4106,6.5,,6.5,5.5,False,False
07_three_agent_relay,narrow_w5_b4,5,5,2.61187,2.52179,2.79288,6.5,,6.5,5.5,True,False
07_three_agent_relay,staged_w10_3to4_a3,5,5,1.6888,1.6191,2.39738,7.0,37.4462,6.0,5.5,True,False
07_three_agent_relay,staged_w10_3to4_a3_lazy,5,5,5.89196,5.74315,6.42294,10.0,18.4701,6.0,5.5,True,False
07_three_agent_relay,staged_w10_3to8_a3,5,5,1.49205,1.40053,1.57827,7.0,32.5569,6.5,5.5,True,False
07_three_agent_relay,staged_w2_4to8,5,5,18.7648,18.0778,19.0487,6.5,87.5721,6.5,5.5,False,False
07_three_agent_relay,staged_w3_4to12,5,5,16.5015,16.4196,19.4283,6.5,57.5551,6.5,5.5,False,False
07_three_agent_relay,staged_w3_4to8,5,5,17.002,16.7214,17.1516,6.5,30.913,5.5,5.5,False,True
07_three_agent_relay,staged_w5_3to4_a3,5,5,1.51216,1.42515,1.63999,7.0,35.4921,6.0,5.5,True,False
07_three_agent_relay,staged_w5_3to8_a3,5,5,1.56479,1.49273,2.20283,7.0,25.8393,6.5,5.5,True,False
07_three_agent_relay,staged_w5_4to8,5,5,2.70011,2.59741,2.80754,6.5,15.9659,5.5,5.5,True,True
08_three_agent_dense,fast_w10_b3_a3,5,5,6.25111,5.94732,6.46127,9.0,10.7974,7.5,6.5,True,False
08_three_agent_dense,narrow_w2_b4,5,5,12.4267,12.0754,15.5749,7.5,37.5557,7.0,6.5,False,False
08_three_agent_dense,narrow_w3_b4,5,5,14.9145,12.9058,15.1321,9.0,22.5416,7.0,6.5,False,False
08_three_agent_dense,narrow_w5_b4,5,5,11.225,10.8654,11.3958,9.0,19.7012,7.0,6.5,False,False
08_three_agent_dense,staged_w10_3to4_a3,5,5,6.28481,5.97264,6.58277,9.0,18.2742,8.0,6.5,True,False
08_three_agent_dense,staged_w10_3to4_a3_lazy,5,5,5.87442,5.42619,7.26701,9.0,16.5776,8.5,6.5,True,False
08_three_agent_dense,staged_w10_3to8_a3,5,5,6.18893,5.81556,6.62502,9.0,,9.0,6.5,True,False
08_three_agent_dense,staged_w2_4to8,5,5,13.6492,13.3571,13.8644,7.5,,7.5,6.5,False,False
08_three_agent_dense,staged_w3_4to12,5,5,13.0983,12.7204,15.7859,9.0,,9.0,6.5,False,False
08_three_agent_dense,staged_w3_4to8,5,5,13.3273,12.8758,13.5148,9.0,96.9431,9.0,6.5,False,False
08_three_agent_dense,staged_w5_3to4_a3,5,5,4.74876,4.60321,4.81739,9.0,13.662,8.0,6.5,True,False
08_three_agent_dense,staged_w5_3to8_a3,5,5,4.69183,4.29201,7.34589,9.0,,9.0,6.5,True,False
08_three_agent_dense,staged_w5_4to8,5,5,10.8138,10.5365,11.0435,9.0,87.5003,9.0,6.5,False,False
09_three_agent_diagonal,fast_w10_b3_a3,5,5,10.5162,10.2574,10.9618,6.5,,6.5,6.0,False,False
09_three_agent_diagonal,narrow_w2_b4,5,5,33.2264,30.2582,37.2569,6.5,,6.5,6.0,False,False
09_three_agent_diagonal,narrow_w3_b4,5,5,41.7613,37.4555,41.9398,6.5,,6.5,6.0,False,False
09_three_agent_diagonal,narrow_w5_b4,5,5,50.6239,49.8853,57.3006,6.5,,6.5,6.0,False,False
09_three_agent_diagonal,staged_w10_3to4_a3,5,5,10.7157,10.607,11.8072,6.5,,6.5,6.0,False,False
09_three_agent_diagonal,staged_w10_3to4_a3_lazy,5,5,10.1862,9.35138,10.5519,6.5,,6.5,6.0,False,False
09_three_agent_diagonal,staged_w10_3to8_a3,5,5,11.1591,9.6113,11.8298,6.5,,6.5,6.0,False,False
09_three_agent_diagonal,staged_w2_4to8,5,5,33.3674,30.2969,34.0676,6.5,,6.5,6.0,False,False
09_three_agent_diagonal,staged_w3_4to12,5,5,38.2876,37.9489,40.4423,6.5,,6.5,6.0,False,False
09_three_agent_diagonal,staged_w3_4to8,5,5,37.8012,37.4024,38.3378,6.5,,6.5,6.0,False,False
09_three_agent_diagonal,staged_w5_3to4_a3,5,5,10.1347,9.4393,11.1518,6.5,,6.5,6.0,False,False
09_three_agent_diagonal,staged_w5_3to8_a3,5,5,10.709,9.58915,11.1332,6.5,,6.5,6.0,False,False
09_three_agent_diagonal,staged_w5_4to8,5,5,51.6597,51.1411,54.3323,6.5,,,6.0,False,False
10_three_agent_swap_and_exit,fast_w10_b3_a3,5,5,14.7501,14.5144,16.1354,9.5,22.7255,6.5,6.0,False,False
10_three_agent_swap_and_exit,narrow_w2_b4,5,5,28.3616,28.1725,28.9553,6.5,45.1692,6.0,6.0,False,True
10_three_agent_swap_and_exit,narrow_w3_b4,5,5,22.8407,21.5281,25.1477,7.5,53.2046,7.5,6.0,False,False
10_three_agent_swap_and_exit,narrow_w5_b4,5,5,9.35767,8.54771,9.63237,8.5,38.3705,6.5,6.0,True,False
10_three_agent_swap_and_exit,staged_w10_3to4_a3,5,5,14.7084,13.9387,16.3176,9.5,55.1273,9.5,6.0,False,False
10_three_agent_swap_and_exit,staged_w10_3to4_a3_lazy,5,5,2.9026,2.83439,4.58096,8.0,25.0573,7.0,6.0,True,False
10_three_agent_swap_and_exit,staged_w10_3to8_a3,5,5,14.3851,13.8244,15.9403,9.5,,9.5,6.0,False,False
10_three_agent_swap_and_exit,staged_w2_4to8,5,5,28.105,27.7363,30.701,6.5,,6.5,6.0,False,False
10_three_agent_swap_and_exit,staged_w3_4to12,5,5,23.5845,22.6314,24.7001,7.5,,7.5,6.0,False,False
10_three_agent_swap_and_exit,staged_w3_4to8,5,5,22.1311,21.7145,23.2957,7.5,,7.5,6.0,False,False
10_three_agent_swap_and_exit,staged_w5_3to4_a3,5,5,13.5207,12.0111,14.8459,7.5,32.1696,7.0,6.0,False,False
10_three_agent_swap_and_exit,staged_w5_3to8_a3,5,5,12.5411,12.3075,13.5454,7.5,,7.5,6.0,False,False
10_three_agent_swap_and_exit,staged_w5_4to8,5,5,8.8452,8.80096,9.30841,8.5,,8.5,6.0,True,False
11_three_agent_fast_cycle,fast_w10_b3_a3,5,5,2.02834,1.85806,2.09016,7.0,7.92096,6.5,6.0,True,False
11_three_agent_fast_cycle,narrow_w2_b4,5,5,3.14512,3.04462,3.24861,6.5,,6.5,6.0,True,False
11_three_agent_fast_cycle,narrow_w3_b4,5,5,3.08035,2.69077,4.97812,7.0,17.2039,6.5,6.0,True,False
11_three_agent_fast_cycle,narrow_w5_b4,5,5,2.75837,2.717,3.07959,7.0,15.1152,6.5,6.0,True,False
11_three_agent_fast_cycle,staged_w10_3to4_a3,5,5,1.99713,1.92119,2.14506,7.0,3.3505,6.0,6.0,True,True
11_three_agent_fast_cycle,staged_w10_3to4_a3_lazy,5,5,9.3315,9.21993,10.1551,7.5,10.0166,6.0,6.0,True,True
11_three_agent_fast_cycle,staged_w10_3to8_a3,5,5,2.14675,2.11304,2.30234,7.0,4.50933,6.0,6.0,True,True
11_three_agent_fast_cycle,staged_w2_4to8,5,5,3.1656,2.95097,3.19858,6.5,5.78719,6.0,6.0,True,True
11_three_agent_fast_cycle,staged_w3_4to12,5,5,2.86179,2.82357,2.96535,7.0,6.7581,6.0,6.0,True,True
11_three_agent_fast_cycle,staged_w3_4to8,5,5,2.75668,2.70488,3.03174,7.0,5.49665,6.0,6.0,True,True
11_three_agent_fast_cycle,staged_w5_3to4_a3,5,5,1.88886,1.84792,2.09999,7.0,3.16231,6.0,6.0,True,True
11_three_agent_fast_cycle,staged_w5_3to8_a3,5,5,2.00438,1.90562,2.07664,7.0,4.20405,6.0,6.0,True,True
11_three_agent_fast_cycle,staged_w5_4to8,5,5,2.98928,2.93135,3.22043,7.0,5.9418,6.0,6.0,True,True
12_one_agent_left_dock,fast_w10_b3_a3,5,5,0.092798,0.08359,0.097836,1.5,,1.5,1.5,True,True
12_one_agent_left_dock,narrow_w2_b4,5,5,0.111157,0.102839,0.113256,1.5,,1.5,1.5,True,True
12_one_agent_left_dock,narrow_w3_b4,5,5,0.118105,0.114588,0.135057,1.5,,1.5,1.5,True,True
12_one_agent_left_dock,narrow_w5_b4,5,5,0.111467,0.100667,0.204134,1.5,,1.5,1.5,True,True
12_one_agent_left_dock,staged_w10_3to4_a3,5,5,0.100759,0.095827,0.112136,1.5,,1.5,1.5,True,True
12_one_agent_left_dock,staged_w10_3to4_a3_lazy,5,5,0.068164,0.066238,0.070284,1.5,,1.5,1.5,True,True
12_one_agent_left_dock,staged_w10_3to8_a3,5,5,0.104713,0.100327,0.112835,1.5,,1.5,1.5,True,True
12_one_agent_left_dock,staged_w2_4to8,5,5,0.109222,0.107151,0.116855,1.5,,1.5,1.5,True,True
12_one_agent_left_dock,staged_w3_4to12,5,5,0.107001,0.105394,0.112686,1.5,,1.5,1.5,True,True
12_one_agent_left_dock,staged_w3_4to8,5,5,0.107686,0.101262,0.134877,1.5,,1.5,1.5,True,True
12_one_agent_left_dock,staged_w5_3to4_a3,5,5,0.088515,0.08346,0.090334,1.5,,1.5,1.5,True,True
12_one_agent_left_dock,staged_w5_3to8_a3,5,5,0.088301,0.082783,0.106244,1.5,,1.5,1.5,True,True
12_one_agent_left_dock,staged_w5_4to8,5,5,0.109668,0.102033,0.122444,1.5,,1.5,1.5,True,True
13_one_agent_right_dock,fast_w10_b3_a3,5,5,0.096876,0.090988,0.123464,1.5,,1.5,1.5,True,True
13_one_agent_right_dock,narrow_w2_b4,5,5,0.202987,0.197216,0.28559,1.5,,1.5,1.5,True,True
13_one_agent_right_dock,narrow_w3_b4,5,5,0.199381,0.197773,0.223206,1.5,,1.5,1.5,True,True
13_one_agent_right_dock,narrow_w5_b4,5,5,0.17981,0.176093,0.216781,1.5,,1.5,1.5,True,True
13_one_agent_right_dock,staged_w10_3to4_a3,5,5,0.10244,0.099429,0.114113,1.5,,1.5,1.5,True,True
13_one_agent_right_dock,staged_w10_3to4_a3_lazy,5,5,0.066545,0.063356,0.070749,1.5,,1.5,1.5,True,True
13_one_agent_right_dock,staged_w10_3to8_a3,5,5,0.108435,0.100343,0.13704,1.5,,1.5,1.5,True,True
13_one_agent_right_dock,staged_w2_4to8,5,5,0.184971,0.179469,0.196608,1.5,,1.5,1.5,True,True
13_one_agent_right_dock,staged_w3_4to12,5,5,0.195855,0.179863,0.386609,1.5,,1.5,1.5,True,True
13_one_agent_right_dock,staged_w3_4to8,5,5,0.18643,0.176294,0.196145,1.5,,1.5,1.5,True,True
13_one_agent_right_dock,staged_w5_3to4_a3,5,5,0.094809,0.092383,0.10368,1.5,,1.5,1.5,True,True
13_one_agent_right_dock,staged_w5_3to8_a3,5,5,0.099778,0.093214,0.115947,1.5,,1.5,1.5,True,True
13_one_agent_right_dock,staged_w5_4to8,5,5,0.203468,0.194088,0.208867,1.5,,1.5,1.5,True,True
14_one_agent_bottom_reverse,fast_w10_b3_a3,5,5,1.10067,1.0474,1.16482,3.5,,3.5,3.5,True,True
14_one_agent_bottom_reverse,narrow_w2_b4,5,5,0.892394,0.825055,0.953216,3.5,,3.5,3.5,True,True
14_one_agent_bottom_reverse,narrow_w3_b4,5,5,1.01017,0.921174,1.02514,3.5,,3.5,3.5,True,True
14_one_agent_bottom_reverse,narrow_w5_b4,5,5,1.36138,1.30765,1.40739,3.5,,3.5,3.5,True,True
14_one_agent_bottom_reverse,staged_w10_3to4_a3,5,5,1.17555,1.09657,1.20525,3.5,,3.5,3.5,True,True
14_one_agent_bottom_reverse,staged_w10_3to4_a3_lazy,5,5,0.89676,0.869631,1.92636,3.5,,3.5,3.5,True,True
14_one_agent_bottom_reverse,staged_w10_3to8_a3,5,5,1.17842,1.14459,1.28894,3.5,,3.5,3.5,True,True
14_one_agent_bottom_reverse,staged_w2_4to8,5,5,0.851805,0.829216,0.96748,3.5,,3.5,3.5,True,True
14_one_agent_bottom_reverse,staged_w3_4to12,5,5,0.990588,0.937585,1.05605,3.5,,3.5,3.5,True,True
14_one_agent_bottom_reverse,staged_w3_4to8,5,5,0.948532,0.93863,1.25424,3.5,,3.5,3.5,True,True
14_one_agent_bottom_reverse,staged_w5_3to4_a3,5,5,1.08602,1.05441,1.10185,3.5,,3.5,3.5,True,True
14_one_agent_bottom_reverse,staged_w5_3to8_a3,5,5,1.08644,1.06085,1.14062,3.5,,3.5,3.5,True,True
14_one_agent_bottom_reverse,staged_w5_4to8,5,5,1.38638,1.37983,1.42043,3.5,,3.5,3.5,True,True
15_one_agent_top_transfer,fast_w10_b3_a3,5,5,0.386647,0.378445,0.407513,2.0,,2.0,2.0,True,True
15_one_agent_top_transfer,narrow_w2_b4,5,5,0.475706,0.446814,0.589446,2.0,,2.0,2.0,True,True
15_one_agent_top_transfer,narrow_w3_b4,5,5,0.496778,0.479771,0.651039,2.0,,2.0,2.0,True,True
15_one_agent_top_transfer,narrow_w5_b4,5,5,0.488147,0.486288,0.512763,2.0,,2.0,2.0,True,True
15_one_agent_top_transfer,staged_w10_3to4_a3,5,5,0.4046,0.392008,0.439686,2.0,,2.0,2.0,True,True
15_one_agent_top_transfer,staged_w10_3to4_a3_lazy,5,5,0.251214,0.248909,0.258271,2.0,,2.0,2.0,True,True
15_one_agent_top_transfer,staged_w10_3to8_a3,5,5,0.426171,0.40177,0.683149,2.0,,2.0,2.0,True,True
15_one_agent_top_transfer,staged_w2_4to8,5,5,0.437509,0.431649,0.640878,2.0,,2.0,2.0,True,True
15_one_agent_top_transfer,staged_w3_4to12,5,5,0.445608,0.442559,0.45191,2.0,,2.0,2.0,True,True
15_one_agent_top_transfer,staged_w3_4to8,5,5,0.451406,0.443655,0.504438,2.0,,2.0,2.0,True,True
15_one_agent_top_transfer,staged_w5_3to4_a3,5,5,0.393195,0.381073,0.41299,2.0,,2.0,2.0,True,True
15_one_agent_top_transfer,staged_w5_3to8_a3,5,5,0.380919,0.376375,0.412383,2.0,,2.0,2.0,True,True
15_one_agent_top_transfer,staged_w5_4to8,5,5,0.469488,0.463439,0.503686,2.0,,2.0,2.0,True,True
16_one_agent_diagonal_goal,fast_w10_b3_a3,5,0,,,,,,,4.5,False,False
16_one_agent_diagonal_goal,narrow_w2_b4,5,0,,,,,,,4.5,False,False
16_one_agent_diagonal_goal,narrow_w3_b4,5,0,,,,,,,4.5,False,False
16_one_agent_diagonal_goal,narrow_w5_b4,5,0,,,,,,,4.5,False,False
16_one_agent_diagonal_goal,staged_w10_3to4_a3,5,5,8.89517,8.38499,9.77002,8.5,,8.5,4.5,True,False
16_one_agent_diagonal_goal,staged_w10_3to4_a3_lazy,5,5,9.56555,8.32841,10.009,8.5,,8.5,4.5,True,False
16_one_agent_diagonal_goal,staged_w10_3to8_a3,5,5,46.1114,44.7669,48.0456,5.5,,5.5,4.5,False,False
16_one_agent_diagonal_goal,staged_w2_4to8,5,4,90.47775,89.9852,99.5283,5.0,,,4.5,False,False
16_one_agent_diagonal_goal,staged_w3_4to12,5,0,,,,,,,4.5,False,False
16_one_agent_diagonal_goal,staged_w3_4to8,5,5,59.0954,58.1666,62.829,5.0,,,4.5,False,False
16_one_agent_diagonal_goal,staged_w5_3to4_a3,5,5,8.81141,7.81327,9.88243,8.5,,8.5,4.5,True,False
16_one_agent_diagonal_goal,staged_w5_3to8_a3,5,5,44.9657,40.7356,46.2194,5.5,,5.5,4.5,False,False
16_one_agent_diagonal_goal,staged_w5_4to8,5,5,40.4234,38.5916,42.4074,5.0,,5.0,4.5,False,False
17_one_agent_diagonal_shift,fast_w10_b3_a3,5,5,0.299921,0.28764,0.325041,3.5,,3.5,3.5,True,True
17_one_agent_diagonal_shift,narrow_w2_b4,5,5,0.37145,0.336354,0.394528,3.5,,3.5,3.5,True,True
17_one_agent_diagonal_shift,narrow_w3_b4,5,5,0.348348,0.337577,0.363093,3.5,,3.5,3.5,True,True
17_one_agent_diagonal_shift,narrow_w5_b4,5,5,0.365177,0.339433,0.482356,3.5,,3.5,3.5,True,True
17_one_agent_diagonal_shift,staged_w10_3to4_a3,5,5,0.324259,0.300723,0.380302,3.5,,3.5,3.5,True,True
17_one_agent_diagonal_shift,staged_w10_3to4_a3_lazy,5,5,0.19776,0.18384,0.242706,3.5,,3.5,3.5,True,True
17_one_agent_diagonal_shift,staged_w10_3to8_a3,5,5,0.3419,0.324368,0.673099,3.5,,3.5,3.5,True,True
17_one_agent_diagonal_shift,staged_w2_4to8,5,5,0.37167,0.349748,0.391645,3.5,,3.5,3.5,True,True
17_one_agent_diagonal_shift,staged_w3_4to12,5,5,0.371309,0.369985,0.418213,3.5,,3.5,3.5,True,True
17_one_agent_diagonal_shift,staged_w3_4to8,5,5,0.346145,0.340116,0.362488,3.5,,3.5,3.5,True,True
17_one_agent_diagonal_shift,staged_w5_3to4_a3,5,5,0.307324,0.282764,0.575387,3.5,,3.5,3.5,True,True
17_one_agent_diagonal_shift,staged_w5_3to8_a3,5,5,0.311391,0.287106,0.486336,3.5,,3.5,3.5,True,True
17_one_agent_diagonal_shift,staged_w5_4to8,5,5,0.3636,0.361108,0.382807,3.5,,3.5,3.5,True,True
18_one_agent_top_lane,fast_w10_b3_a3,5,5,0.593815,0.534082,0.701897,4.0,,4.0,3.5,True,False
18_one_agent_top_lane,narrow_w2_b4,5,5,0.889735,0.862908,1.10477,4.0,,4.0,3.5,True,False
18_one_agent_top_lane,narrow_w3_b4,5,5,0.77677,0.719168,0.800295,4.0,,4.0,3.5,True,False
18_one_agent_top_lane,narrow_w5_b4,5,5,0.844108,0.749685,0.878159,4.0,,4.0,3.5,True,False
18_one_agent_top_lane,staged_w10_3to4_a3,5,5,0.581999,0.563932,0.59246,4.0,,4.0,3.5,True,False
18_one_agent_top_lane,staged_w10_3to4_a3_lazy,5,5,0.28555,0.267606,0.31557,4.0,,4.0,3.5,True,False
18_one_agent_top_lane,staged_w10_3to8_a3,5,5,0.602312,0.591772,0.686004,4.0,,4.0,3.5,True,False
18_one_agent_top_lane,staged_w2_4to8,5,5,0.903352,0.896759,0.969048,4.0,,4.0,3.5,True,False
18_one_agent_top_lane,staged_w3_4to12,5,5,0.779133,0.752664,0.852019,4.0,,4.0,3.5,True,False
18_one_agent_top_lane,staged_w3_4to8,5,5,0.74784,0.743822,0.786921,4.0,,4.0,3.5,True,False
18_one_agent_top_lane,staged_w5_3to4_a3,5,5,0.532759,0.512902,1.22908,4.0,,4.0,3.5,True,False
18_one_agent_top_lane,staged_w5_3to8_a3,5,5,0.542991,0.531685,0.565226,4.0,,4.0,3.5,True,False
18_one_agent_top_lane,staged_w5_4to8,5,5,0.784503,0.76588,0.79614,4.0,,4.0,3.5,True,False
19_two_agent_diverge,fast_w10_b3_a3,5,5,0.416732,0.399499,0.436773,4.5,0.775472,4.0,3.5,True,False
19_two_agent_diverge,narrow_w2_b4,5,5,0.671152,0.648514,0.672133,4.5,1.23409,4.0,3.5,True,False
19_two_agent_diverge,narrow_w3_b4,5,5,0.613875,0.560285,0.884055,4.5,1.33591,4.0,3.5,True,False
19_two_agent_diverge,narrow_w5_b4,5,5,0.60057,0.591247,0.638358,4.5,1.37084,4.0,3.5,True,False
19_two_agent_diverge,staged_w10_3to4_a3,5,5,0.447577,0.423846,0.467903,4.5,1.77662,4.0,3.5,True,False
19_two_agent_diverge,staged_w10_3to4_a3_lazy,5,5,0.292291,0.267842,0.404442,4.5,5.47407,4.0,3.5,True,False
19_two_agent_diverge,staged_w10_3to8_a3,5,5,0.447257,0.442652,0.595911,4.5,2.38249,3.5,3.5,True,True
19_two_agent_diverge,staged_w2_4to8,5,5,0.671997,0.665526,0.766842,4.5,5.73161,3.5,3.5,True,True
19_two_agent_diverge,staged_w3_4to12,5,5,0.600257,0.595249,0.621203,4.5,4.04993,3.5,3.5,True,True
19_two_agent_diverge,staged_w3_4to8,5,5,0.578438,0.575178,0.582137,4.5,5.7471,3.5,3.5,True,True
19_two_agent_diverge,staged_w5_3to4_a3,5,5,0.431342,0.40749,0.582527,4.5,1.74668,4.0,3.5,True,False
19_two_agent_diverge,staged_w5_3to8_a3,5,5,0.455383,0.416099,0.47807,4.5,2.40207,3.5,3.5,True,True
19_two_agent_diverge,staged_w5_4to8,5,5,0.613341,0.596514,0.644652,4.5,5.98105,3.5,3.5,True,True
20_two_agent_center_exchange,fast_w10_b3_a3,5,5,0.951948,0.851947,0.97053,2.5,,2.5,2.0,True,False
20_two_agent_center_exchange,narrow_w2_b4,5,5,1.03058,0.995677,1.04143,2.5,,2.5,2.0,True,False
20_two_agent_center_exchange,narrow_w3_b4,5,5,1.11351,1.00629,1.18199,2.5,,2.5,2.0,True,False
20_two_agent_center_exchange,narrow_w5_b4,5,5,1.1326,1.07648,1.15216,2.5,,2.5,2.0,True,False
20_two_agent_center_exchange,staged_w10_3to4_a3,5,5,0.935247,0.906824,1.04285,2.5,1.90222,2.0,2.0,True,True
20_two_agent_center_exchange,staged_w10_3to4_a3_lazy,5,5,0.464495,0.449451,0.483835,2.5,1.51974,2.0,2.0,True,True
20_two_agent_center_exchange,staged_w10_3to8_a3,5,5,0.941952,0.928927,0.955811,2.5,3.13965,2.0,2.0,True,True
20_two_agent_center_exchange,staged_w2_4to8,5,5,1.02059,1.01559,1.15349,2.5,3.03963,2.0,2.0,True,True
20_two_agent_center_exchange,staged_w3_4to12,5,5,1.0629,1.04381,1.10819,2.5,4.02364,2.0,2.0,True,True
20_two_agent_center_exchange,staged_w3_4to8,5,5,1.04913,1.0419,1.08539,2.5,3.10682,2.0,2.0,True,True
20_two_agent_center_exchange,staged_w5_3to4_a3,5,5,0.843808,0.842878,0.958409,2.5,1.74687,2.0,2.0,True,True
20_two_agent_center_exchange,staged_w5_3to8_a3,5,5,0.946648,0.870902,0.978785,2.5,3.22189,2.0,2.0,True,True
20_two_agent_center_exchange,staged_w5_4to8,5,5,1.06656,1.03748,1.09152,2.5,3.15165,2.0,2.0,True,True
21_two_agent_long_relocation,fast_w10_b3_a3,5,5,0.366571,0.362074,0.405454,3.0,,3.0,2.5,True,False
21_two_agent_long_relocation,narrow_w2_b4,5,5,0.450784,0.448225,0.456443,3.0,,3.0,2.5,True,False
21_two_agent_long_relocation,narrow_w3_b4,5,5,0.482479,0.447189,0.519204,3.0,,3.0,2.5,True,False
21_two_agent_long_relocation,narrow_w5_b4,5,5,0.463973,0.460821,0.515571,3.0,,3.0,2.5,True,False
21_two_agent_long_relocation,staged_w10_3to4_a3,5,5,0.393105,0.38997,0.432167,3.0,,3.0,2.5,True,False
21_two_agent_long_relocation,staged_w10_3to4_a3_lazy,5,5,0.17686,0.167084,0.261993,3.0,,3.0,2.5,True,False
21_two_agent_long_relocation,staged_w10_3to8_a3,5,5,0.404101,0.393324,0.437382,3.0,6.07766,2.5,2.5,True,True
21_two_agent_long_relocation,staged_w2_4to8,5,5,0.451341,0.445489,0.511196,3.0,8.69999,2.5,2.5,True,True
21_two_agent_long_relocation,staged_w3_4to12,5,5,0.49712,0.487772,0.553158,3.0,14.3513,2.5,2.5,True,True
21_two_agent_long_relocation,staged_w3_4to8,5,5,0.47022,0.457824,0.475414,3.0,8.90903,2.5,2.5,True,True
21_two_agent_long_relocation,staged_w5_3to4_a3,5,5,0.401651,0.354339,0.622319,3.0,,3.0,2.5,True,False
21_two_agent_long_relocation,staged_w5_3to8_a3,5,5,0.367313,0.363228,0.383242,3.0,5.63309,2.5,2.5,True,True
21_two_agent_long_relocation,staged_w5_4to8,5,5,0.473475,0.465561,0.504185,3.0,9.27625,2.5,2.5,True,True
22_two_agent_vertical_top,fast_w10_b3_a3,5,5,0.439917,0.426791,0.472993,5.0,1.86875,4.5,4.0,True,False
22_two_agent_vertical_top,narrow_w2_b4,5,5,4.29581,4.26022,4.78699,6.0,5.363,4.5,4.0,True,False
22_two_agent_vertical_top,narrow_w3_b4,5,5,2.00747,1.84558,2.07699,6.0,5.76901,4.5,4.0,True,False
22_two_agent_vertical_top,narrow_w5_b4,5,5,1.1215,1.10258,1.9772,6.0,5.48123,4.5,4.0,True,False
22_two_agent_vertical_top,staged_w10_3to4_a3,5,5,0.496016,0.459596,0.508488,5.0,1.69703,4.5,4.0,True,False
22_two_agent_vertical_top,staged_w10_3to4_a3_lazy,5,5,0.35092,0.34286,0.370903,5.0,0.634214,4.5,4.0,True,False
22_two_agent_vertical_top,staged_w10_3to8_a3,5,5,0.498204,0.470564,0.513552,5.0,8.28648,4.0,4.0,True,True
22_two_agent_vertical_top,staged_w2_4to8,5,5,4.29046,4.0849,4.62423,6.0,9.25445,4.0,4.0,True,True
22_two_agent_vertical_top,staged_w3_4to12,5,5,1.92755,1.91313,2.09841,6.0,25.27,4.0,4.0,True,True
22_two_agent_vertical_top,staged_w3_4to8,5,5,1.9632,1.90255,1.99101,6.0,15.3583,4.0,4.0,True,True
22_two_agent_vertical_top,staged_w5_3to4_a3,5,5,0.427624,0.411645,0.436631,5.0,1.49963,4.5,4.0,True,False
22_two_agent_vertical_top,staged_w5_3to8_a3,5,5,0.467106,0.44501,0.489484,5.0,7.67939,4.0,4.0,True,True
22_two_agent_vertical_top,staged_w5_4to8,5,5,1.12483,1.11137,1.18982,6.0,13.048,4.0,4.0,True,True
23_two_agent_top_to_center,fast_w10_b3_a3,5,5,3.15285,2.95722,3.18085,10.0,20.2411,8.5,7.5,True,False
23_two_agent_top_to_center,narrow_w2_b4,5,5,16.862,16.8103,21.446,8.0,49.1689,7.5,7.5,False,True
23_two_agent_top_to_center,narrow_w3_b4,5,5,9.09618,8.47184,10.1251,8.5,32.2359,8.0,7.5,True,False
23_two_agent_top_to_center,narrow_w5_b4,5,5,5.48778,5.22083,6.25397,9.0,22.255,8.0,7.5,True,False
23_two_agent_top_to_center,staged_w10_3to4_a3,5,5,3.313,2.94486,3.37175,10.0,9.83917,8.0,7.5,True,False
23_two_agent_top_to_center,staged_w10_3to4_a3_lazy,5,5,1.9283,1.81967,1.95759,10.0,4.64648,8.0,7.5,True,False
23_two_agent_top_to_center,staged_w10_3to8_a3,5,5,3.30125,3.09906,3.46477,10.0,,10.0,7.5,True,False
23_two_agent_top_to_center,staged_w2_4to8,5,5,18.2327,16.7059,18.697,8.0,,8.0,7.5,False,False
23_two_agent_top_to_center,staged_w3_4to12,5,5,8.62338,8.28863,8.78087,8.5,,8.5,7.5,True,False
23_two_agent_top_to_center,staged_w3_4to8,5,5,8.29612,8.2072,8.81083,8.5,,8.5,7.5,True,False
23_two_agent_top_to_center,staged_w5_3to4_a3,5,5,3.87148,3.50449,4.01299,10.0,10.2394,8.0,7.5,True,False
23_two_agent_top_to_center,staged_w5_3to8_a3,5,5,3.94624,3.66693,4.20437,10.0,,10.0,7.5,True,False
23_two_agent_top_to_center,staged_w5_4to8,5,5,5.30801,5.16095,5.62359,9.0,88.0644,9.0,7.5,True,False
24_two_agent_top_swap,fast_w10_b3_a3,5,5,0.619372,0.58387,0.644913,4.0,,4.0,3.5,True,False
24_two_agent_top_swap,narrow_w2_b4,5,5,0.799982,0.714189,0.836851,4.0,,4.0,3.5,True,False
24_two_agent_top_swap,narrow_w3_b4,5,5,0.780528,0.743848,0.81507,4.0,,4.0,3.5,True,False
24_two_agent_top_swap,narrow_w5_b4,5,5,0.807244,0.754298,0.821636,4.0,,4.0,3.5,True,False
24_two_agent_top_swap,staged_w10_3to4_a3,5,5,0.577104,0.562948,0.602273,4.0,,4.0,3.5,True,False
24_two_agent_top_swap,staged_w10_3to4_a3_lazy,5,5,0.32481,0.296936,0.492127,4.0,,4.0,3.5,True,False
24_two_agent_top_swap,staged_w10_3to8_a3,5,5,0.630528,0.60973,0.651433,4.0,1.65577,3.5,3.5,True,True
24_two_agent_top_swap,staged_w2_4to8,5,5,0.737904,0.711957,0.810857,4.0,1.99828,3.5,3.5,True,True
24_two_agent_top_swap,staged_w3_4to12,5,5,0.775909,0.748735,0.827112,4.0,2.6528,3.5,3.5,True,True
24_two_agent_top_swap,staged_w3_4to8,5,5,0.771857,0.744968,0.829141,4.0,2.08813,3.5,3.5,True,True
24_two_agent_top_swap,staged_w5_3to4_a3,5,5,0.627422,0.621902,1.20515,4.0,,4.0,3.5,True,False
24_two_agent_top_swap,staged_w5_3to8_a3,5,5,0.579923,0.555273,0.637284,4.0,1.57365,3.5,3.5,True,True
24_two_agent_top_swap,staged_w5_4to8,5,5,0.735766,0.7116,0.751285,4.0,2.01929,3.5,3.5,True,True
25_two_agent_cross_lane,fast_w10_b3_a3,5,5,0.282514,0.275499,0.354488,3.0,,3.0,3.0,True,True
25_two_agent_cross_lane,narrow_w2_b4,5,5,0.353453,0.320451,0.369194,3.0,,3.0,3.0,True,True
25_two_agent_cross_lane,narrow_w3_b4,5,5,0.372843,0.319891,0.679864,3.0,,3.0,3.0,True,True
25_two_agent_cross_lane,narrow_w5_b4,5,5,0.343784,0.321386,0.358213,3.0,,3.0,3.0,True,True
25_two_agent_cross_lane,staged_w10_3to4_a3,5,5,0.290675,0.27952,0.323964,3.0,,3.0,3.0,True,True
25_two_agent_cross_lane,staged_w10_3to4_a3_lazy,5,5,0.184478,0.178694,0.232117,3.0,,3.0,3.0,True,True
25_two_agent_cross_lane,staged_w10_3to8_a3,5,5,0.318541,0.30333,0.342663,3.0,,3.0,3.0,True,True
25_two_agent_cross_lane,staged_w2_4to8,5,5,0.36239,0.352229,0.474063,3.0,,3.0,3.0,True,True
25_two_agent_cross_lane,staged_w3_4to12,5,5,0.351327,0.316933,0.359587,3.0,,3.0,3.0,True,True
25_two_agent_cross_lane,staged_w3_4to8,5,5,0.339931,0.336695,0.346235,3.0,,3.0,3.0,True,True
25_two_agent_cross_lane,staged_w5_3to4_a3,5,5,0.31138,0.290738,0.319018,3.0,,3.0,3.0,True,True
25_two_agent_cross_lane,staged_w5_3to8_a3,5,5,0.305826,0.294614,0.310668,3.0,,3.0,3.0,True,True
25_two_agent_cross_lane,staged_w5_4to8,5,5,0.327501,0.320168,0.365263,3.0,,3.0,3.0,True,True
26_three_agent_corner_relay,fast_w10_b3_a3,5,0,,,,,,,7.5,False,False
26_three_agent_corner_relay,narrow_w2_b4,5,5,10.9214,10.6017,11.6912,8.5,,8.5,7.5,False,False
26_three_agent_corner_relay,narrow_w3_b4,5,5,10.1647,9.49062,11.012,9.5,19.3526,8.5,7.5,False,False
26_three_agent_corner_relay,narrow_w5_b4,5,5,8.3926,7.95863,8.77328,9.5,18.1309,8.5,7.5,True,False
26_three_agent_corner_relay,staged_w10_3to4_a3,5,5,12.2938,11.8979,12.8568,9.5,25.1709,8.5,7.5,False,False
26_three_agent_corner_relay,staged_w10_3to4_a3_lazy,5,5,6.53244,6.36441,7.36374,8.5,,8.5,7.5,True,False
26_three_agent_corner_relay,staged_w10_3to8_a3,5,5,73.6062,73.2508,74.9514,9.5,,,7.5,False,False
26_three_agent_corner_relay,staged_w2_4to8,5,5,11.2511,10.9284,11.3186,8.5,,8.5,7.5,False,False
26_three_agent_corner_relay,staged_w3_4to12,5,5,10.4004,9.23513,10.8276,9.5,,9.5,7.5,False,False
26_three_agent_corner_relay,staged_w3_4to8,5,5,10.2073,9.92323,10.4027,9.5,,9.5,7.5,False,False
26_three_agent_corner_relay,staged_w5_3to4_a3,5,5,12.6675,11.151,13.2653,9.5,25.4757,8.5,7.5,False,False
26_three_agent_corner_relay,staged_w5_3to8_a3,5,5,73.1281,72.0266,74.457,9.5,,,7.5,False,False
26_three_agent_corner_relay,staged_w5_4to8,5,5,8.09363,8.02791,8.72957,9.5,84.0161,9.5,7.5,True,False
27_three_agent_compact_cycle,fast_w10_b3_a3,5,5,0.879016,0.81775,0.929227,6.0,,6.0,5.5,True,False
27_three_agent_compact_cycle,narrow_w2_b4,5,5,1.54458,1.50654,1.72135,5.5,,5.5,5.5,True,True
27_three_agent_compact_cycle,narrow_w3_b4,5,5,1.12473,1.04453,1.83955,6.0,1.96438,5.5,5.5,True,True
27_three_agent_compact_cycle,narrow_w5_b4,5,5,1.05655,1.01003,1.11611,6.0,1.83542,5.5,5.5,True,True
27_three_agent_compact_cycle,staged_w10_3to4_a3,5,5,0.887304,0.849013,0.905198,6.0,,6.0,5.5,True,False
27_three_agent_compact_cycle,staged_w10_3to4_a3_lazy,5,5,1.90416,1.83139,3.68602,7.0,2.62461,6.0,5.5,True,False
27_three_agent_compact_cycle,staged_w10_3to8_a3,5,5,0.9337,0.907011,0.99301,6.0,,6.0,5.5,True,False
27_three_agent_compact_cycle,staged_w2_4to8,5,5,1.51262,1.49058,1.69371,5.5,,5.5,5.5,True,True
27_three_agent_compact_cycle,staged_w3_4to12,5,5,1.1602,1.10731,1.18016,6.0,8.35722,5.5,5.5,True,True
27_three_agent_compact_cycle,staged_w3_4to8,5,5,1.13681,1.09886,1.17489,6.0,8.971,5.5,5.5,True,True
27_three_agent_compact_cycle,staged_w5_3to4_a3,5,5,0.830825,0.822321,0.917998,6.0,,6.0,5.5,True,False
27_three_agent_compact_cycle,staged_w5_3to8_a3,5,5,0.882738,0.829063,0.945983,6.0,,6.0,5.5,True,False
27_three_agent_compact_cycle,staged_w5_4to8,5,5,1.0818,1.05808,1.17501,6.0,8.57104,5.5,5.5,True,True
28_three_agent_center_swap,fast_w10_b3_a3,5,5,3.83086,3.71675,4.17925,8.0,14.99,7.5,6.5,True,False
28_three_agent_center_swap,narrow_w2_b4,5,0,,,,,,,6.5,False,False
28_three_agent_center_swap,narrow_w3_b4,5,5,25.6491,22.3927,25.8433,8.0,,8.0,6.5,False,False
28_three_agent_center_swap,narrow_w5_b4,5,5,6.06159,5.9482,6.83323,8.0,,8.0,6.5,True,False
28_three_agent_center_swap,staged_w10_3to4_a3,5,5,5.02412,4.2069,5.57369,8.0,90.80914999999999,8.0,6.5,True,False
28_three_agent_center_swap,staged_w10_3to4_a3_lazy,5,5,2.85814,2.77454,3.01888,8.0,71.8054,8.0,6.5,True,False
28_three_agent_center_swap,staged_w10_3to8_a3,5,5,4.21893,4.17739,4.36711,8.0,,8.0,6.5,True,False
28_three_agent_center_swap,staged_w2_4to8,5,0,,,,,,,6.5,False,False
28_three_agent_center_swap,staged_w3_4to12,5,5,23.2041,22.6931,25.866,8.0,,8.0,6.5,False,False
28_three_agent_center_swap,staged_w3_4to8,5,5,23.7107,23.6254,24.2563,8.0,,8.0,6.5,False,False
28_three_agent_center_swap,staged_w5_3to4_a3,5,5,4.05891,3.7401,4.30642,8.0,81.0041,8.0,6.5,True,False
28_three_agent_center_swap,staged_w5_3to8_a3,5,5,3.80076,3.76731,4.05518,8.0,,8.0,6.5,True,False
28_three_agent_center_swap,staged_w5_4to8,5,5,6.17294,5.94021,6.57093,8.0,,8.0,6.5,True,False
29_three_agent_lane_mix,fast_w10_b3_a3,5,5,0.886568,0.86794,0.947272,5.0,2.28568,4.5,4.5,True,True
29_three_agent_lane_mix,narrow_w2_b4,5,5,1.52988,1.46261,2.02907,5.0,3.80765,4.5,4.5,True,True
29_three_agent_lane_mix,narrow_w3_b4,5,5,1.28803,1.20848,1.38978,5.0,3.40781,4.5,4.5,True,True
29_three_agent_lane_mix,narrow_w5_b4,5,5,1.3308,1.27399,1.47266,5.0,3.45081,4.5,4.5,True,True
29_three_agent_lane_mix,staged_w10_3to4_a3,5,5,1.04796,1.01579,1.05415,5.0,4.38938,4.5,4.5,True,True
29_three_agent_lane_mix,staged_w10_3to4_a3_lazy,5,5,0.489059,0.461873,0.562093,5.0,4.75003,4.5,4.5,True,True
29_three_agent_lane_mix,staged_w10_3to8_a3,5,5,0.954799,0.936509,0.975949,5.0,21.9158,4.5,4.5,True,True
29_three_agent_lane_mix,staged_w2_4to8,5,5,1.45385,1.36379,1.62379,5.0,9.82309,4.5,4.5,True,True
29_three_agent_lane_mix,staged_w3_4to12,5,5,1.26825,1.22446,1.37896,5.0,34.1661,4.5,4.5,True,True
29_three_agent_lane_mix,staged_w3_4to8,5,5,1.32167,1.30231,1.35113,5.0,12.4601,4.5,4.5,True,True
29_three_agent_lane_mix,staged_w5_3to4_a3,5,5,0.888772,0.875647,0.986856,5.0,3.73244,4.5,4.5,True,True
29_three_agent_lane_mix,staged_w5_3to8_a3,5,5,0.945747,0.897157,1.02033,5.0,22.602,4.5,4.5,True,True
29_three_agent_lane_mix,staged_w5_4to8,5,5,1.28677,1.2434,1.39458,5.0,12.0842,4.5,4.5,True,True
30_three_agent_corner_cycle,fast_w10_b3_a3,5,5,0.897927,0.851489,0.991491,5.5,,5.5,5.0,True,False
30_three_agent_corner_cycle,narrow_w2_b4,5,5,1.3824,1.20202,1.399,5.5,,5.5,5.0,True,False
30_three_agent_corner_cycle,narrow_w3_b4,5,5,1.28152,1.18914,1.42139,5.5,,5.5,5.0,True,False
30_three_agent_corner_cycle,narrow_w5_b4,5,5,1.24151,1.13607,1.41064,5.5,,5.5,5.0,True,False
30_three_agent_corner_cycle,staged_w10_3to4_a3,5,5,1.02272,0.983486,1.18207,5.5,15.8122,5.0,5.0,True,True
30_three_agent_corner_cycle,staged_w10_3to4_a3_lazy,5,5,0.944747,0.907391,1.61384,6.0,9.20215,5.0,5.0,True,True
30_three_agent_corner_cycle,staged_w10_3to8_a3,5,5,0.955335,0.89936,0.964041,5.5,,5.5,5.0,True,False
30_three_agent_corner_cycle,staged_w2_4to8,5,5,1.21529,1.2117,1.23043,5.5,,5.5,5.0,True,False
30_three_agent_corner_cycle,staged_w3_4to12,5,5,1.26675,1.20412,1.62894,5.5,,5.5,5.0,True,False
30_three_agent_corner_cycle,staged_w3_4to8,5,5,1.23873,1.23164,1.31184,5.5,,5.5,5.0,True,False
30_three_agent_corner_cycle,staged_w5_3to4_a3,5,5,0.900457,0.873668,0.927501,5.5,13.8247,5.0,5.0,True,True
30_three_agent_corner_cycle,staged_w5_3to8_a3,5,5,0.850232,0.820811,0.960498,5.5,,5.5,5.0,True,False
30_three_agent_corner_cycle,staged_w5_4to8,5,5,1.21904,1.19468,1.34571,5.5,,5.5,5.0,True,False
